,peak_start,file
0,712760,sounds/wav_samples/sample-1613658951901.wav
1,715724,sounds/wav_samples/sample-1613658951901.wav
2,715763,sounds/wav_samples/sample-1613658951901.wav
3,715771,sounds/wav_samples/sample-1613658951901.wav
4,848294,sounds/wav_samples/sample-1613658951901.wav
5,1022460,sounds/wav_samples/sample-1613658951901.wav
0,945919,sounds/wav_samples/sample-1613659342809.wav
1,945929,sounds/wav_samples/sample-1613659342809.wav
2,946008,sounds/wav_samples/sample-1613659342809.wav
3,946117,sounds/wav_samples/sample-1613659342809.wav
4,946200,sounds/wav_samples/sample-1613659342809.wav
5,946206,sounds/wav_samples/sample-1613659342809.wav
6,946369,sounds/wav_samples/sample-1613659342809.wav
7,946381,sounds/wav_samples/sample-1613659342809.wav
8,946582,sounds/wav_samples/sample-1613659342809.wav
9,946799,sounds/wav_samples/sample-1613659342809.wav
0,113094,sounds/wav_samples/sample-1613659433020.wav
1,278791,sounds/wav_samples/sample-1613659433020.wav
2,279158,sounds/wav_samples/sample-1613659433020.wav
3,279169,sounds/wav_samples/sample-1613659433020.wav
4,279426,sounds/wav_samples/sample-1613659433020.wav
5,279656,sounds/wav_samples/sample-1613659433020.wav
6,279673,sounds/wav_samples/sample-1613659433020.wav
7,281171,sounds/wav_samples/sample-1613659433020.wav
8,281185,sounds/wav_samples/sample-1613659433020.wav
9,281196,sounds/wav_samples/sample-1613659433020.wav
10,281211,sounds/wav_samples/sample-1613659433020.wav
11,282172,sounds/wav_samples/sample-1613659433020.wav
12,282208,sounds/wav_samples/sample-1613659433020.wav
13,284411,sounds/wav_samples/sample-1613659433020.wav
14,284418,sounds/wav_samples/sample-1613659433020.wav
15,329243,sounds/wav_samples/sample-1613659433020.wav
16,346442,sounds/wav_samples/sample-1613659433020.wav
0,827131,sounds/wav_samples/sample-1613659072184.wav
1,832321,sounds/wav_samples/sample-1613659072184.wav
2,836005,sounds/wav_samples/sample-1613659072184.wav
0,996590,sounds/wav_samples/sample-1613659132314.wav
0,384421,sounds/wav_samples/sample-1613659222524.wav
1,1248157,sounds/wav_samples/sample-1613659222524.wav
0,264791,sounds/wav_samples/sample-1613659252601.wav
1,264863,sounds/wav_samples/sample-1613659252601.wav
2,787212,sounds/wav_samples/sample-1613659252601.wav
3,790138,sounds/wav_samples/sample-1613659252601.wav
4,1225441,sounds/wav_samples/sample-1613659252601.wav
5,1225563,sounds/wav_samples/sample-1613659252601.wav
6,1225679,sounds/wav_samples/sample-1613659252601.wav
7,1225795,sounds/wav_samples/sample-1613659252601.wav
8,1225908,sounds/wav_samples/sample-1613659252601.wav
9,1225916,sounds/wav_samples/sample-1613659252601.wav
10,1226020,sounds/wav_samples/sample-1613659252601.wav
11,1226131,sounds/wav_samples/sample-1613659252601.wav
12,1226246,sounds/wav_samples/sample-1613659252601.wav
13,1226254,sounds/wav_samples/sample-1613659252601.wav
14,1226359,sounds/wav_samples/sample-1613659252601.wav
15,1226368,sounds/wav_samples/sample-1613659252601.wav
16,1226473,sounds/wav_samples/sample-1613659252601.wav
17,1226483,sounds/wav_samples/sample-1613659252601.wav
18,1226589,sounds/wav_samples/sample-1613659252601.wav
19,1226600,sounds/wav_samples/sample-1613659252601.wav
20,1226702,sounds/wav_samples/sample-1613659252601.wav
21,1226820,sounds/wav_samples/sample-1613659252601.wav
22,1226935,sounds/wav_samples/sample-1613659252601.wav
23,1227052,sounds/wav_samples/sample-1613659252601.wav
24,1227172,sounds/wav_samples/sample-1613659252601.wav
25,1227292,sounds/wav_samples/sample-1613659252601.wav
0,802862,sounds/wav_samples/sample-1613659042103.wav
1,802910,sounds/wav_samples/sample-1613659042103.wav
2,802932,sounds/wav_samples/sample-1613659042103.wav
3,802959,sounds/wav_samples/sample-1613659042103.wav
4,802965,sounds/wav_samples/sample-1613659042103.wav
5,802974,sounds/wav_samples/sample-1613659042103.wav
6,802985,sounds/wav_samples/sample-1613659042103.wav
7,802999,sounds/wav_samples/sample-1613659042103.wav
8,803030,sounds/wav_samples/sample-1613659042103.wav
9,1276077,sounds/wav_samples/sample-1613659042103.wav
0,163291,sounds/wav_samples/sample-1613658981959.wav
1,389438,sounds/wav_samples/sample-1613658981959.wav
2,389954,sounds/wav_samples/sample-1613658981959.wav
3,390298,sounds/wav_samples/sample-1613658981959.wav
4,390309,sounds/wav_samples/sample-1613658981959.wav
5,390487,sounds/wav_samples/sample-1613658981959.wav
6,390498,sounds/wav_samples/sample-1613658981959.wav
7,390508,sounds/wav_samples/sample-1613658981959.wav
8,390701,sounds/wav_samples/sample-1613658981959.wav
9,713883,sounds/wav_samples/sample-1613658981959.wav
10,774931,sounds/wav_samples/sample-1613658981959.wav
11,775304,sounds/wav_samples/sample-1613658981959.wav
12,945377,sounds/wav_samples/sample-1613658981959.wav
0,353835,sounds/wav_samples/sample-1613659162389.wav
0,339451,sounds/wav_samples/sample-1613659012035.wav
1,444246,sounds/wav_samples/sample-1613659012035.wav
2,444301,sounds/wav_samples/sample-1613659012035.wav
